{
    "version": "4",
    "package_name": "apex-mock",
    "apiVersion": "55.0",
    "packageDirectory": "sfdx-source/apex-mocks",
    "package_version_number": "1.0.0.13",
    "sourceVersion": "daaeeebbd532a46fd26a573c12f7ca6addb0c1f8",
    "branch": "master",
    "repository_url": "https://github.com/infusionsoft/fflib-apex-mocks.git",
    "configFilePath": "config/project-scratch-def.json",
    "package_type": "unlocked",
    "payload": {
        "Package": {
            "$": {
                "xmlns": "http://soap.sforce.com/2006/04/metadata"
            },
            "types": {
                "members": [
                    "fflib_Answer",
                    "fflib_AnswerTest",
                    "fflib_AnyOrder",
                    "fflib_AnyOrderTest",
                    "fflib_ApexMocks",
                    "fflib_ApexMocksConfig",
                    "fflib_ApexMocksTest",
                    "fflib_ApexMocksUtils",
                    "fflib_ApexMocksUtilsTest",
                    "fflib_ArgumentCaptor",
                    "fflib_ArgumentCaptorTest",
                    "fflib_IDGenerator",
                    "fflib_IDGeneratorTest",
                    "fflib_IMatcher",
                    "fflib_InOrder",
                    "fflib_InOrderTest",
                    "fflib_Inheritor",
                    "fflib_InheritorTest",
                    "fflib_InvocationOnMock",
                    "fflib_Match",
                    "fflib_MatchTest",
                    "fflib_MatcherDefinitions",
                    "fflib_MatcherDefinitionsTest",
                    "fflib_MatchersReturnValue",
                    "fflib_MethodArgValues",
                    "fflib_MethodArgValuesTest",
                    "fflib_MethodCountRecorder",
                    "fflib_MethodReturnValue",
                    "fflib_MethodReturnValueRecorder",
                    "fflib_MethodVerifier",
                    "fflib_Mocks",
                    "fflib_MyList",
                    "fflib_QualifiedMethod",
                    "fflib_QualifiedMethodAndArgValues",
                    "fflib_QualifiedMethodAndArgValuesTest",
                    "fflib_QualifiedMethodTest",
                    "fflib_System",
                    "fflib_SystemTest",
                    "fflib_VerificationMode"
                ],
                "name": "ApexClass"
            },
            "version": "55.0"
        }
    },
    "isApexFound": true,
    "isProfilesFound": false,
    "isPermissionSetGroupFound": false,
    "isPayLoadContainTypesSupportedByProfiles": true,
    "apexClassesSortedByTypes": {
        "class": [
            {
                "name": "fflib_AnswerTest",
                "filepath": "E:/dev/github/keap/fflib-apex-mocks/.sfpowerscripts/guSHB_source/.sfpowerscripts/C6ctR_mdapi/metadataPackage_1659190857926/classes/fflib_AnswerTest.cls"
            },
            {
                "name": "fflib_AnyOrder",
                "filepath": "E:/dev/github/keap/fflib-apex-mocks/.sfpowerscripts/guSHB_source/.sfpowerscripts/C6ctR_mdapi/metadataPackage_1659190857926/classes/fflib_AnyOrder.cls"
            },
            {
                "name": "fflib_AnyOrderTest",
                "filepath": "E:/dev/github/keap/fflib-apex-mocks/.sfpowerscripts/guSHB_source/.sfpowerscripts/C6ctR_mdapi/metadataPackage_1659190857926/classes/fflib_AnyOrderTest.cls"
            },
            {
                "name": "fflib_ApexMocks",
                "filepath": "E:/dev/github/keap/fflib-apex-mocks/.sfpowerscripts/guSHB_source/.sfpowerscripts/C6ctR_mdapi/metadataPackage_1659190857926/classes/fflib_ApexMocks.cls"
            },
            {
                "name": "fflib_ApexMocksConfig",
                "filepath": "E:/dev/github/keap/fflib-apex-mocks/.sfpowerscripts/guSHB_source/.sfpowerscripts/C6ctR_mdapi/metadataPackage_1659190857926/classes/fflib_ApexMocksConfig.cls"
            },
            {
                "name": "fflib_ApexMocksTest",
                "filepath": "E:/dev/github/keap/fflib-apex-mocks/.sfpowerscripts/guSHB_source/.sfpowerscripts/C6ctR_mdapi/metadataPackage_1659190857926/classes/fflib_ApexMocksTest.cls"
            },
            {
                "name": "fflib_ApexMocksUtils",
                "filepath": "E:/dev/github/keap/fflib-apex-mocks/.sfpowerscripts/guSHB_source/.sfpowerscripts/C6ctR_mdapi/metadataPackage_1659190857926/classes/fflib_ApexMocksUtils.cls"
            },
            {
                "name": "fflib_ApexMocksUtilsTest",
                "filepath": "E:/dev/github/keap/fflib-apex-mocks/.sfpowerscripts/guSHB_source/.sfpowerscripts/C6ctR_mdapi/metadataPackage_1659190857926/classes/fflib_ApexMocksUtilsTest.cls"
            },
            {
                "name": "fflib_ArgumentCaptor",
                "filepath": "E:/dev/github/keap/fflib-apex-mocks/.sfpowerscripts/guSHB_source/.sfpowerscripts/C6ctR_mdapi/metadataPackage_1659190857926/classes/fflib_ArgumentCaptor.cls"
            },
            {
                "name": "fflib_ArgumentCaptorTest",
                "filepath": "E:/dev/github/keap/fflib-apex-mocks/.sfpowerscripts/guSHB_source/.sfpowerscripts/C6ctR_mdapi/metadataPackage_1659190857926/classes/fflib_ArgumentCaptorTest.cls"
            },
            {
                "name": "fflib_IDGenerator",
                "filepath": "E:/dev/github/keap/fflib-apex-mocks/.sfpowerscripts/guSHB_source/.sfpowerscripts/C6ctR_mdapi/metadataPackage_1659190857926/classes/fflib_IDGenerator.cls"
            },
            {
                "name": "fflib_IDGeneratorTest",
                "filepath": "E:/dev/github/keap/fflib-apex-mocks/.sfpowerscripts/guSHB_source/.sfpowerscripts/C6ctR_mdapi/metadataPackage_1659190857926/classes/fflib_IDGeneratorTest.cls"
            },
            {
                "name": "fflib_Inheritor",
                "filepath": "E:/dev/github/keap/fflib-apex-mocks/.sfpowerscripts/guSHB_source/.sfpowerscripts/C6ctR_mdapi/metadataPackage_1659190857926/classes/fflib_Inheritor.cls"
            },
            {
                "name": "fflib_InheritorTest",
                "filepath": "E:/dev/github/keap/fflib-apex-mocks/.sfpowerscripts/guSHB_source/.sfpowerscripts/C6ctR_mdapi/metadataPackage_1659190857926/classes/fflib_InheritorTest.cls"
            },
            {
                "name": "fflib_InOrder",
                "filepath": "E:/dev/github/keap/fflib-apex-mocks/.sfpowerscripts/guSHB_source/.sfpowerscripts/C6ctR_mdapi/metadataPackage_1659190857926/classes/fflib_InOrder.cls"
            },
            {
                "name": "fflib_InOrderTest",
                "filepath": "E:/dev/github/keap/fflib-apex-mocks/.sfpowerscripts/guSHB_source/.sfpowerscripts/C6ctR_mdapi/metadataPackage_1659190857926/classes/fflib_InOrderTest.cls"
            },
            {
                "name": "fflib_InvocationOnMock",
                "filepath": "E:/dev/github/keap/fflib-apex-mocks/.sfpowerscripts/guSHB_source/.sfpowerscripts/C6ctR_mdapi/metadataPackage_1659190857926/classes/fflib_InvocationOnMock.cls"
            },
            {
                "name": "fflib_Match",
                "filepath": "E:/dev/github/keap/fflib-apex-mocks/.sfpowerscripts/guSHB_source/.sfpowerscripts/C6ctR_mdapi/metadataPackage_1659190857926/classes/fflib_Match.cls"
            },
            {
                "name": "fflib_MatcherDefinitions",
                "filepath": "E:/dev/github/keap/fflib-apex-mocks/.sfpowerscripts/guSHB_source/.sfpowerscripts/C6ctR_mdapi/metadataPackage_1659190857926/classes/fflib_MatcherDefinitions.cls"
            },
            {
                "name": "fflib_MatcherDefinitionsTest",
                "filepath": "E:/dev/github/keap/fflib-apex-mocks/.sfpowerscripts/guSHB_source/.sfpowerscripts/C6ctR_mdapi/metadataPackage_1659190857926/classes/fflib_MatcherDefinitionsTest.cls"
            },
            {
                "name": "fflib_MatchersReturnValue",
                "filepath": "E:/dev/github/keap/fflib-apex-mocks/.sfpowerscripts/guSHB_source/.sfpowerscripts/C6ctR_mdapi/metadataPackage_1659190857926/classes/fflib_MatchersReturnValue.cls"
            },
            {
                "name": "fflib_MatchTest",
                "filepath": "E:/dev/github/keap/fflib-apex-mocks/.sfpowerscripts/guSHB_source/.sfpowerscripts/C6ctR_mdapi/metadataPackage_1659190857926/classes/fflib_MatchTest.cls"
            },
            {
                "name": "fflib_MethodArgValues",
                "filepath": "E:/dev/github/keap/fflib-apex-mocks/.sfpowerscripts/guSHB_source/.sfpowerscripts/C6ctR_mdapi/metadataPackage_1659190857926/classes/fflib_MethodArgValues.cls"
            },
            {
                "name": "fflib_MethodArgValuesTest",
                "filepath": "E:/dev/github/keap/fflib-apex-mocks/.sfpowerscripts/guSHB_source/.sfpowerscripts/C6ctR_mdapi/metadataPackage_1659190857926/classes/fflib_MethodArgValuesTest.cls"
            },
            {
                "name": "fflib_MethodCountRecorder",
                "filepath": "E:/dev/github/keap/fflib-apex-mocks/.sfpowerscripts/guSHB_source/.sfpowerscripts/C6ctR_mdapi/metadataPackage_1659190857926/classes/fflib_MethodCountRecorder.cls"
            },
            {
                "name": "fflib_MethodReturnValue",
                "filepath": "E:/dev/github/keap/fflib-apex-mocks/.sfpowerscripts/guSHB_source/.sfpowerscripts/C6ctR_mdapi/metadataPackage_1659190857926/classes/fflib_MethodReturnValue.cls"
            },
            {
                "name": "fflib_MethodReturnValueRecorder",
                "filepath": "E:/dev/github/keap/fflib-apex-mocks/.sfpowerscripts/guSHB_source/.sfpowerscripts/C6ctR_mdapi/metadataPackage_1659190857926/classes/fflib_MethodReturnValueRecorder.cls"
            },
            {
                "name": "fflib_MethodVerifier",
                "filepath": "E:/dev/github/keap/fflib-apex-mocks/.sfpowerscripts/guSHB_source/.sfpowerscripts/C6ctR_mdapi/metadataPackage_1659190857926/classes/fflib_MethodVerifier.cls"
            },
            {
                "name": "fflib_Mocks",
                "filepath": "E:/dev/github/keap/fflib-apex-mocks/.sfpowerscripts/guSHB_source/.sfpowerscripts/C6ctR_mdapi/metadataPackage_1659190857926/classes/fflib_Mocks.cls"
            },
            {
                "name": "fflib_MyList",
                "filepath": "E:/dev/github/keap/fflib-apex-mocks/.sfpowerscripts/guSHB_source/.sfpowerscripts/C6ctR_mdapi/metadataPackage_1659190857926/classes/fflib_MyList.cls"
            },
            {
                "name": "fflib_QualifiedMethod",
                "filepath": "E:/dev/github/keap/fflib-apex-mocks/.sfpowerscripts/guSHB_source/.sfpowerscripts/C6ctR_mdapi/metadataPackage_1659190857926/classes/fflib_QualifiedMethod.cls"
            },
            {
                "name": "fflib_QualifiedMethodAndArgValues",
                "filepath": "E:/dev/github/keap/fflib-apex-mocks/.sfpowerscripts/guSHB_source/.sfpowerscripts/C6ctR_mdapi/metadataPackage_1659190857926/classes/fflib_QualifiedMethodAndArgValues.cls"
            },
            {
                "name": "fflib_QualifiedMethodAndArgValuesTest",
                "filepath": "E:/dev/github/keap/fflib-apex-mocks/.sfpowerscripts/guSHB_source/.sfpowerscripts/C6ctR_mdapi/metadataPackage_1659190857926/classes/fflib_QualifiedMethodAndArgValuesTest.cls"
            },
            {
                "name": "fflib_QualifiedMethodTest",
                "filepath": "E:/dev/github/keap/fflib-apex-mocks/.sfpowerscripts/guSHB_source/.sfpowerscripts/C6ctR_mdapi/metadataPackage_1659190857926/classes/fflib_QualifiedMethodTest.cls"
            },
            {
                "name": "fflib_System",
                "filepath": "E:/dev/github/keap/fflib-apex-mocks/.sfpowerscripts/guSHB_source/.sfpowerscripts/C6ctR_mdapi/metadataPackage_1659190857926/classes/fflib_System.cls"
            },
            {
                "name": "fflib_SystemTest",
                "filepath": "E:/dev/github/keap/fflib-apex-mocks/.sfpowerscripts/guSHB_source/.sfpowerscripts/C6ctR_mdapi/metadataPackage_1659190857926/classes/fflib_SystemTest.cls"
            },
            {
                "name": "fflib_VerificationMode",
                "filepath": "E:/dev/github/keap/fflib-apex-mocks/.sfpowerscripts/guSHB_source/.sfpowerscripts/C6ctR_mdapi/metadataPackage_1659190857926/classes/fflib_VerificationMode.cls"
            }
        ],
        "testClass": [
            {
                "name": "fflib_AnswerTest",
                "filepath": "E:/dev/github/keap/fflib-apex-mocks/.sfpowerscripts/guSHB_source/.sfpowerscripts/C6ctR_mdapi/metadataPackage_1659190857926/classes/fflib_AnswerTest.cls"
            },
            {
                "name": "fflib_AnyOrderTest",
                "filepath": "E:/dev/github/keap/fflib-apex-mocks/.sfpowerscripts/guSHB_source/.sfpowerscripts/C6ctR_mdapi/metadataPackage_1659190857926/classes/fflib_AnyOrderTest.cls"
            },
            {
                "name": "fflib_ApexMocksConfig",
                "filepath": "E:/dev/github/keap/fflib-apex-mocks/.sfpowerscripts/guSHB_source/.sfpowerscripts/C6ctR_mdapi/metadataPackage_1659190857926/classes/fflib_ApexMocksConfig.cls"
            },
            {
                "name": "fflib_ApexMocksTest",
                "filepath": "E:/dev/github/keap/fflib-apex-mocks/.sfpowerscripts/guSHB_source/.sfpowerscripts/C6ctR_mdapi/metadataPackage_1659190857926/classes/fflib_ApexMocksTest.cls"
            },
            {
                "name": "fflib_ApexMocksUtilsTest",
                "filepath": "E:/dev/github/keap/fflib-apex-mocks/.sfpowerscripts/guSHB_source/.sfpowerscripts/C6ctR_mdapi/metadataPackage_1659190857926/classes/fflib_ApexMocksUtilsTest.cls"
            },
            {
                "name": "fflib_ArgumentCaptorTest",
                "filepath": "E:/dev/github/keap/fflib-apex-mocks/.sfpowerscripts/guSHB_source/.sfpowerscripts/C6ctR_mdapi/metadataPackage_1659190857926/classes/fflib_ArgumentCaptorTest.cls"
            },
            {
                "name": "fflib_IDGeneratorTest",
                "filepath": "E:/dev/github/keap/fflib-apex-mocks/.sfpowerscripts/guSHB_source/.sfpowerscripts/C6ctR_mdapi/metadataPackage_1659190857926/classes/fflib_IDGeneratorTest.cls"
            },
            {
                "name": "fflib_Inheritor",
                "filepath": "E:/dev/github/keap/fflib-apex-mocks/.sfpowerscripts/guSHB_source/.sfpowerscripts/C6ctR_mdapi/metadataPackage_1659190857926/classes/fflib_Inheritor.cls"
            },
            {
                "name": "fflib_InheritorTest",
                "filepath": "E:/dev/github/keap/fflib-apex-mocks/.sfpowerscripts/guSHB_source/.sfpowerscripts/C6ctR_mdapi/metadataPackage_1659190857926/classes/fflib_InheritorTest.cls"
            },
            {
                "name": "fflib_InOrderTest",
                "filepath": "E:/dev/github/keap/fflib-apex-mocks/.sfpowerscripts/guSHB_source/.sfpowerscripts/C6ctR_mdapi/metadataPackage_1659190857926/classes/fflib_InOrderTest.cls"
            },
            {
                "name": "fflib_MatcherDefinitionsTest",
                "filepath": "E:/dev/github/keap/fflib-apex-mocks/.sfpowerscripts/guSHB_source/.sfpowerscripts/C6ctR_mdapi/metadataPackage_1659190857926/classes/fflib_MatcherDefinitionsTest.cls"
            },
            {
                "name": "fflib_MatchTest",
                "filepath": "E:/dev/github/keap/fflib-apex-mocks/.sfpowerscripts/guSHB_source/.sfpowerscripts/C6ctR_mdapi/metadataPackage_1659190857926/classes/fflib_MatchTest.cls"
            },
            {
                "name": "fflib_MethodArgValuesTest",
                "filepath": "E:/dev/github/keap/fflib-apex-mocks/.sfpowerscripts/guSHB_source/.sfpowerscripts/C6ctR_mdapi/metadataPackage_1659190857926/classes/fflib_MethodArgValuesTest.cls"
            },
            {
                "name": "fflib_MethodReturnValue",
                "filepath": "E:/dev/github/keap/fflib-apex-mocks/.sfpowerscripts/guSHB_source/.sfpowerscripts/C6ctR_mdapi/metadataPackage_1659190857926/classes/fflib_MethodReturnValue.cls"
            },
            {
                "name": "fflib_Mocks",
                "filepath": "E:/dev/github/keap/fflib-apex-mocks/.sfpowerscripts/guSHB_source/.sfpowerscripts/C6ctR_mdapi/metadataPackage_1659190857926/classes/fflib_Mocks.cls"
            },
            {
                "name": "fflib_MyList",
                "filepath": "E:/dev/github/keap/fflib-apex-mocks/.sfpowerscripts/guSHB_source/.sfpowerscripts/C6ctR_mdapi/metadataPackage_1659190857926/classes/fflib_MyList.cls"
            },
            {
                "name": "fflib_QualifiedMethodAndArgValuesTest",
                "filepath": "E:/dev/github/keap/fflib-apex-mocks/.sfpowerscripts/guSHB_source/.sfpowerscripts/C6ctR_mdapi/metadataPackage_1659190857926/classes/fflib_QualifiedMethodAndArgValuesTest.cls"
            },
            {
                "name": "fflib_QualifiedMethodTest",
                "filepath": "E:/dev/github/keap/fflib-apex-mocks/.sfpowerscripts/guSHB_source/.sfpowerscripts/C6ctR_mdapi/metadataPackage_1659190857926/classes/fflib_QualifiedMethodTest.cls"
            },
            {
                "name": "fflib_SystemTest",
                "filepath": "E:/dev/github/keap/fflib-apex-mocks/.sfpowerscripts/guSHB_source/.sfpowerscripts/C6ctR_mdapi/metadataPackage_1659190857926/classes/fflib_SystemTest.cls"
            }
        ],
        "interface": [
            {
                "name": "fflib_Answer",
                "filepath": "E:/dev/github/keap/fflib-apex-mocks/.sfpowerscripts/guSHB_source/.sfpowerscripts/C6ctR_mdapi/metadataPackage_1659190857926/classes/fflib_Answer.cls"
            },
            {
                "name": "fflib_IMatcher",
                "filepath": "E:/dev/github/keap/fflib-apex-mocks/.sfpowerscripts/guSHB_source/.sfpowerscripts/C6ctR_mdapi/metadataPackage_1659190857926/classes/fflib_IMatcher.cls"
            }
        ],
        "parseError": []
    },
    "apexTestClassses": [
        "fflib_AnswerTest",
        "fflib_AnyOrderTest",
        "fflib_ApexMocksConfig",
        "fflib_ApexMocksTest",
        "fflib_ApexMocksUtilsTest",
        "fflib_ArgumentCaptorTest",
        "fflib_IDGeneratorTest",
        "fflib_Inheritor",
        "fflib_InheritorTest",
        "fflib_InOrderTest",
        "fflib_MatcherDefinitionsTest",
        "fflib_MatchTest",
        "fflib_MethodArgValuesTest",
        "fflib_MethodReturnValue",
        "fflib_Mocks",
        "fflib_MyList",
        "fflib_QualifiedMethodAndArgValuesTest",
        "fflib_QualifiedMethodTest",
        "fflib_SystemTest"
    ],
    "metadataCount": 39,
    "apexClassWithOutTestClasses": [
        "fflib_AnyOrder",
        "fflib_ApexMocks",
        "fflib_ApexMocksUtils",
        "fflib_ArgumentCaptor",
        "fflib_IDGenerator",
        "fflib_InOrder",
        "fflib_InvocationOnMock",
        "fflib_Match",
        "fflib_MatcherDefinitions",
        "fflib_MatchersReturnValue",
        "fflib_MethodArgValues",
        "fflib_MethodCountRecorder",
        "fflib_MethodReturnValueRecorder",
        "fflib_MethodVerifier",
        "fflib_QualifiedMethod",
        "fflib_QualifiedMethodAndArgValues",
        "fflib_System",
        "fflib_VerificationMode"
    ],
    "package_version_id": "04t3a000000PmdlAAC",
    "isDependencyValidated": true,
    "test_coverage": 99,
    "has_passed_coverage_check": true,
    "creation_details": {
        "creation_time": 170213,
        "timestamp": 1659191031060
    },
    "sourceDir": "source"
}