{
    "name": "apex-mock",
    "to": "daaeeeb",
    "commits": [
        {
            "commitId": "35da1e27",
            "date": "2022-07-14T15:44:52-04:00",
            "author": "John M. Daniel",
            "message": "bumped API version to v55.0",
            "body": ""
        },
        {
            "commitId": "e87492e0",
            "date": "2022-05-07T13:54:25+02:00",
            "author": "sbresin",
            "message": "feat: support setReadOnlyFields by FieldName",
            "body": ""
        },
        {
            "commitId": "2ce11695",
            "date": "2022-03-15T02:30:41-04:00",
            "author": "Clay Chipps",
            "message": "v54.0 update",
            "body": ""
        },
        {
            "commitId": "75a2cc17",
            "date": "2021-10-08T18:42:03-04:00",
            "author": "Peter Lin",
            "message": "Update apiVersion to 53.0",
            "body": ""
        },
        {
            "commitId": "2977316b",
            "date": "2021-08-07T16:55:25-04:00",
            "author": "John M. Daniel",
            "message": "minor tweak to variable case",
            "body": "no substantive change\n"
        },
        {
            "commitId": "62fa5fb7",
            "date": "2021-06-15T09:52:02-04:00",
            "author": "Peter",
            "message": "Update apiVersion to 52.0 (#118)",
            "body": "On branch update-apiVersion-to-52.0\r\n Changes to be committed:\r\n\tmodified:   sfdx-project.json\r\n\tmodified:   sfdx-source/apex-mocks/main/classes/fflib_Answer.cls-meta.xml\r\n\tmodified:   sfdx-source/apex-mocks/main/classes/fflib_AnyOrder.cls-meta.xml\r\n\tmodified:   sfdx-source/apex-mocks/main/classes/fflib_ApexMocks.cls-meta.xml\r\n\tmodified:   sfdx-source/apex-mocks/main/classes/fflib_ApexMocksConfig.cls-meta.xml\r\n\tmodified:   sfdx-source/apex-mocks/main/classes/fflib_ApexMocksUtils.cls-meta.xml\r\n\tmodified:   sfdx-source/apex-mocks/main/classes/fflib_ArgumentCaptor.cls-meta.xml\r\n\tmodified:   sfdx-source/apex-mocks/main/classes/fflib_IDGenerator.cls-meta.xml\r\n\tmodified:   sfdx-source/apex-mocks/main/classes/fflib_IMatcher.cls-meta.xml\r\n\tmodified:   sfdx-source/apex-mocks/main/classes/fflib_InOrder.cls-meta.xml\r\n\tmodified:   sfdx-source/apex-mocks/main/classes/fflib_Inheritor.cls-meta.xml\r\n\tmodified:   sfdx-source/apex-mocks/main/classes/fflib_InvocationOnMock.cls-meta.xml\r\n\tmodified:   sfdx-source/apex-mocks/main/classes/fflib_Match.cls-meta.xml\r\n\tmodified:   sfdx-source/apex-mocks/main/classes/fflib_MatcherDefinitions.cls-meta.xml\r\n\tmodified:   sfdx-source/apex-mocks/main/classes/fflib_MatchersReturnValue.cls-meta.xml\r\n\tmodified:   sfdx-source/apex-mocks/main/classes/fflib_MethodArgValues.cls-meta.xml\r\n\tmodified:   sfdx-source/apex-mocks/main/classes/fflib_MethodCountRecorder.cls-meta.xml\r\n\tmodified:   sfdx-source/apex-mocks/main/classes/fflib_MethodReturnValue.cls-meta.xml\r\n\tmodified:   sfdx-source/apex-mocks/main/classes/fflib_MethodReturnValueRecorder.cls-meta.xml\r\n\tmodified:   sfdx-source/apex-mocks/main/classes/fflib_MethodVerifier.cls-meta.xml\r\n\tmodified:   sfdx-source/apex-mocks/main/classes/fflib_QualifiedMethod.cls-meta.xml\r\n\tmodified:   sfdx-source/apex-mocks/main/classes/fflib_QualifiedMethodAndArgValues.cls-meta.xml\r\n\tmodified:   sfdx-source/apex-mocks/main/classes/fflib_System.cls-meta.xml\r\n\tmodified:   sfdx-source/apex-mocks/main/classes/fflib_VerificationMode.cls-meta.xml\r\n\tmodified:   sfdx-source/apex-mocks/test/classes/fflib_AnswerTest.cls-meta.xml\r\n\tmodified:   sfdx-source/apex-mocks/test/classes/fflib_AnyOrderTest.cls-meta.xml\r\n\tmodified:   sfdx-source/apex-mocks/test/classes/fflib_ApexMocksTest.cls-meta.xml\r\n\tmodified:   sfdx-source/apex-mocks/test/classes/fflib_ApexMocksUtilsTest.cls-meta.xml\r\n\tmodified:   sfdx-source/apex-mocks/test/classes/fflib_ArgumentCaptorTest.cls-meta.xml\r\n\tmodified:   sfdx-source/apex-mocks/test/classes/fflib_IDGeneratorTest.cls-meta.xml\r\n\tmodified:   sfdx-source/apex-mocks/test/classes/fflib_InOrderTest.cls-meta.xml\r\n\tmodified:   sfdx-source/apex-mocks/test/classes/fflib_InheritorTest.cls-meta.xml\r\n\tmodified:   sfdx-source/apex-mocks/test/classes/fflib_MatchTest.cls-meta.xml\r\n\tmodified:   sfdx-source/apex-mocks/test/classes/fflib_MatcherDefinitionsTest.cls-meta.xml\r\n\tmodified:   sfdx-source/apex-mocks/test/classes/fflib_MethodArgValuesTest.cls-meta.xml\r\n\tmodified:   sfdx-source/apex-mocks/test/classes/fflib_MyList.cls-meta.xml\r\n\tmodified:   sfdx-source/apex-mocks/test/classes/fflib_QualifiedMethodAndArgValuesTest.cls-meta.xml\r\n\tmodified:   sfdx-source/apex-mocks/test/classes/fflib_QualifiedMethodTest.cls-meta.xml\r\n\tmodified:   sfdx-source/apex-mocks/test/classes/fflib_SystemTest.cls-meta.xml\r\n\tmodified:   sfdx-source/apex-mocks/test/classes/mocks/fflib_Mocks.cls-meta.xml"
        },
        {
            "commitId": "2c8c08a3",
            "date": "2021-06-07T10:56:46-07:00",
            "author": "John",
            "message": "Remove \"magic\" integer from string `fakeIdPrefix` string operation",
            "body": ""
        },
        {
            "commitId": "016955e7",
            "date": "2021-02-24T15:56:17+00:00",
            "author": "William Velzeboer",
            "message": "Upgrade API version to 51 (#112)",
            "body": "* Upgrade API version to 51\r\n\r\nSome elements of the Health Cloud require all apex classes used by customizations to be upgraded.\r\n\r\n* Update project-scratch-def.json\r\n\r\nFix issue with brackets\r\n\r\nCo-authored-by: Wim Velzeboer <wimvelzeboer@pm.me>"
        },
        {
            "commitId": "1160a693",
            "date": "2021-02-19T23:00:58+03:00",
            "author": "Svyat Chernyy",
            "message": "Added missed test scenarios",
            "body": ""
        },
        {
            "commitId": "87aecfe1",
            "date": "2021-02-19T17:06:45+03:00",
            "author": "Svyat Chernyy",
            "message": "tests for overrided toString methods",
            "body": ""
        },
        {
            "commitId": "3c84b527",
            "date": "2021-01-10T23:33:21-05:00",
            "author": "Clay Chipps",
            "message": "remove unreachable statement",
            "body": ""
        },
        {
            "commitId": "24c0ffb9",
            "date": "2020-08-26T21:45:57-04:00",
            "author": "Evan McDaniel",
            "message": "moved into test classes directory",
            "body": ""
        },
        {
            "commitId": "9137aa3f",
            "date": "2020-07-29T21:15:38+01:00",
            "author": "David Frudd",
            "message": "Add sobjectsWith description test",
            "body": ""
        },
        {
            "commitId": "a9ba132a",
            "date": "2020-07-29T20:58:25+01:00",
            "author": "David Frudd",
            "message": "Add matcher description tests",
            "body": ""
        },
        {
            "commitId": "e3f077a6",
            "date": "2020-07-29T20:13:19+01:00",
            "author": "David Frudd",
            "message": "Add matcher descriptions",
            "body": ""
        },
        {
            "commitId": "7f515a0e",
            "date": "2020-07-27T22:59:16+01:00",
            "author": "David Frudd",
            "message": "Override toString",
            "body": "Without it, verification message building fails. E.g.\nFailed to run tests synchronously.: java.lang.reflect.InvocationTargetException\nFailed to run tests synchronously.: An unexpected error occurred. Please include this ErrorId if you contact support: 502095090-2309205 (-1336163415)\n"
        },
        {
            "commitId": "e98f1b6c",
            "date": "2020-07-27T22:53:42+01:00",
            "author": "David Frudd",
            "message": "Improve logging when verification fails",
            "body": ""
        },
        {
            "commitId": "c2fbc5e4",
            "date": "2020-07-27T22:37:03+01:00",
            "author": "David Frudd",
            "message": "Expose qualified method properties",
            "body": "This lets us dump expected/actual arguments on verify.\n"
        },
        {
            "commitId": "196bb23b",
            "date": "2020-03-30T22:33:04-04:00",
            "author": "evanmcd",
            "message": "Removed with sharing designation",
            "body": ""
        },
        {
            "commitId": "150897c1",
            "date": "2020-03-12T09:17:32+00:00",
            "author": "William Velzeboer",
            "message": "Bugfix for matcherDefinitions - fix indentation",
            "body": "Previously the fflib_MatcherDefinitions.SObjectsWith.matches method, only validated the first record in the given list of records.\nThen this first record was matching it return true, without even checking the other records in the list.\n\nWithout the change to fflib_MatcherDefinitions.SObjectsWith.matches the unit test with the failingFieldValues was just passing when you modify the fields on the second record.\nNow I have added an assertion to assert a failing scenario\n"
        },
        {
            "commitId": "4e8b72a1",
            "date": "2020-03-10T10:13:23-04:00",
            "author": "Evan McDaniel",
            "message": "added tests for fflib_QualifiedMethodAndArgValues",
            "body": ""
        },
        {
            "commitId": "8e62036e",
            "date": "2020-03-05T14:24:37+00:00",
            "author": "William Velzeboer",
            "message": "Bugfix for matcherDefinitions",
            "body": "Previously the fflib_MatcherDefinitions.SObjectsWith.matches method, only validated the first record in the given list of records.\nThen this first record was matching it return true, without even checking the other records in the list.\n\nWithout the change to fflib_MatcherDefinitions.SObjectsWith.matches the unit test with the failingFieldValues was just passing when you modify the fields on the second record.\nNow I have added an assertion to assert a failing scenario\n"
        },
        {
            "commitId": "fa71df5e",
            "date": "2020-03-03T09:15:34+00:00",
            "author": "William Velzeboer",
            "message": "Org independent test class",
            "body": "Remove DML statement\n"
        },
        {
            "commitId": "7455010e",
            "date": "2020-01-19T22:35:40-05:00",
            "author": "John M. Daniel",
            "message": "migration of files from old metadata format to DX Source format",
            "body": ""
        }
    ]
}